name,link,imagePath,order
247 Live Sessions #001,https://youtu.be/BmWl1NzAgcY,live-sessions-001.jpg,1
247 Live Sessions #002,https://www.youtube.com/watch?v=JGltu4AVHFk,live-sessions-002.jpg,2
247 Live Sessions #003,https://www.youtube.com/watch?v=RQZ9m7J9-Sg,live-sessions-003.jpg,3
247 Live Sessions #004,https://www.youtube.com/watch?v=XF4bwxxYnNs,live-sessions-004.jpg,4
247 Live Sessions #005,https://www.youtube.com/watch?v=EOWkUrf8XSg,live-sessions-005.jpg,5
247 Live Sessions #006,https://www.youtube.com/watch?v=YuFMR3-E26s,live-sessions-006.jpg,6
247 Live Sessions #007,https://www.youtube.com/watch?v=XF4bwxxYnNs,live-sessions-007.jpg,7
247 Live Sessions #008,https://www.youtube.com/watch?v=mKblIbRpy3A,live-sessions-008.jpg,8
247 Live Sessions #009,https://www.youtube.com/watch?v=HETPdl20jGI,live-sessions-009.jpg,9
247 Live Sessions #0010,https://www.youtube.com/watch?v=fgVFvFGbfXs,live-sessions-010.jpg,10
247 Live Sessions #0011,https://www.youtube.com/watch?v=LKSkCojA6j8,live-sessions-011.jpg,11
247 Live Sessions #0012,https://www.youtube.com/watch?v=tOw3hmc5RTw,live-sessions-012.jpg,12
247 Live Sessions #0013,https://www.youtube.com/watch?v=LIc0ohhqNGE,live-sessions-013.jpg,13
247 Live Sessions #0014,https://www.youtube.com/watch?v=2oB9aZ6RJ3E,live-sessions-014.jpg,14
247 Live Sessions #0015,https://www.youtube.com/watch?v=PHZPWAROyMQ,live-sessions-015.jpg,15
247 Live Sessions #0016,https://www.youtube.com/watch?v=Yl3R_BPx2io,live-sessions-016.jpg,16
247 Live Sessions #0017,https://www.youtube.com/watch?v=sSeyCDjZtrs,live-sessions-017.jpg,17
247 Live Sessions #0018,https://www.youtube.com/watch?v=p1M74dARB5Y,live-sessions-018.jpg,18
247 Live Sessions #0019,https://www.youtube.com/watch?v=0g4_lAPbEB0,live-sessions-019.jpg,19
